sent1,sent2,sim
A car is parking.,A cat is playing.,0
A man is playing a piano.,A woman is peeling a potato.,0
A woman is swimming.,A man is spitting.,0
A man is playing a flute.,A woman is applying eye liner.,0
A man is being put into an abulance.,A man is pouring pasta onto a plate.,0
A woman is applying makeup.,A man is playing a guitar.,0
The man is pushing the van.,The woman is singing.,0
A man is playing a piano.,A guy is peeling a potato.,0
A man is dancing.,A rat is running.,0
A man is playing guitar.,A woman is peeling a tuber.,0
A woman is riding a horse.,A man is running on rope.,0
A woman is peeling an orange.,A man is playing a flute.,0
A man is bowling.,A kitten is walking.,0
A woman is scraping a carrot.,A man is striking clay pots.,0
The man danced in the diner.,The bomb exploded in the desert.,0
A woman is cooking meat.,A man is speaking.,0
The boy is playing the piano.,The woman is pouring oil into the pan.,0
A woman is braiding her hair.,A man is riding a motorcycle.,0
A man is cutting a potato.,A woman is climbing a rock wall.,0
A woman is feeding a baby.,A man is adding water to pan.,0
The two dogs were in the pen.,The cowboy rode his horse in the desert.,0
A man is opening a box using a knife.,A man is playing a guitar.,0
A man is eating.,A woman is rock climbing.,0
A girl is eating a cupcake.,A man is playing a trumpet.,0
A man is buttering bread.,A woman is ridint a horse.,0
A man is playing the drums.,A woman is slicing some leaves.,0
A woman is in the rain.,A car is driving along the road.,0
A woman is hitting a man.,A man is holding a slow loris.,0
A woman is riding an elephant.,A man is lifting himself.,0
A woman is seasoning a piece of meat.,A man is loading a rifle with bullets.,0
A rabbi is talking.,A man is walking on a rope.,0
A man rides a horse.,A woman rubs a baby's leg.,0
A man is playing guitar.,Smeone is laying down.,0
A man  is driving a car.,A woman dips a shrimp in batter.,0
A monkey is walking on a bed.,A man is riding a horse.,0
A man is frying a tortilla.,A person is performing a card trick.,0
The man is mixing whipping cream.,The man is holding a skunk.,0
A man is playing a violin.,The baby is laughing and crawling.,0
People are walking in the garden.,One boy is talking with other man.,0
A man is speaking on a phone.,A panda bear is chewing on a stick.,0
A young woman is playing the flute.,A woman is washing off the top of a freezer.,0
A person is slicing an onion.,A solenodon is walking along the ground.,0
A woman is mixing eggs in the bowl.,A man is doing push ups.,0
A boat sails along the water.,The man is playing the guitar.,0
A man is cutting grass.,A masked man sings.,0
A man is cutting grass.,A clown is singing.,0
A woman is cutting scallions.,A woman falls on a sand castle.,0
A man is slam dunking a ball.,A woman is slicing some onions.,0
A machine is sharpening a pencil.,A girl is riding a bicycle.,0
A woman is brushing her feet.,The sun is rising behind trees.,0
Someone is mixing a liquid.,A man is playing a guitar.,0
A man is catching a ball.,A cat is rubbing against a baby.,0
A girl is reading a newspaper.,A chef is peeling a potato.,0
A boy is playing piano and singing.,A pig is agitating a lion.,0
A woman is slicing big pepper.,A man is playing an instrument.,0
A person is boiling noodles.,A cat is licking a bottle.,0
A monkey is walking through the water.,A guy is playing a trumpet.,0
A woman is putting on makeup.,A band is singing.,0
A dog is driving a car.,A guy is talking into a microphone.,0
A man is traveling in a boat.,A woman is cutting up a carrot with a knife.,0
A tiger club is playing with a ball.,A person is chopping shrimp with a knife.,0
A man reels in a fish.,A woman is pouring oil in a bowl.,0
A woman is dancing by a fire.,A man ties a noose.,0
A woman is cutting an onion.,A horse is standing.,0
A boy is cutting paper.,A man is loading a rifle.,0
The man talked on the telephone.,Girls are walking on the stage.,0
An animal is walking.,A woman is applying eye makeup.,0
A man is smoking.,A baby is sucking on a pacifier.,0
Women are holding each other and dancing together.,Two men are playing table tennis.,0
The man is playing the guitar.,The cat cleaned his face with his paw.,0
Someoen is cooking onions.,A man is swinging nunchucks.,0
A chimp is kicking a target.,A woman is putting oil into a skillet.,0
A cat is playing with a watermelon on a floor.,A man is pouring oil into a pan.,0
A man is doing exercise.,A baby is laughing.,0
The girl is carrying a baby.,A man is eating a food.,0
A chef is slicing carrot.,A person is drawing a picture.,0
A woman puts ingredients in a whisked egg.,A man pours gasoline.,0
A man is playing the guitar.,A person is slicing a meat into pieces.,0
A man spins on a surf board.,A man is putting barbecue sauce on chicken.,0
A man is opening a package containing headphones.,A woman is riding a horse.,0
A little girl plays the violin on a beach.,The girl sat on the couch to crochet.,0
A woman is adding some mushrooms and liquid to a pot.,A young man is playing the guitar.,0
A man is passionately playing a guitar in front of an audience.,A woman is peeling a potato.,0
A female applies something to he hair with her hands.,A cat is eating a slice of watermelon.,0
The man is playing the wooden flute.,A little boy is vacuuming the floor.,0
The man is aiming a gun.,A boy is playing on a toy phone.,0
The men are playing soccer.,A man is riding a motorcycle.,0
Two men are dancing together.,A woman opens a closet.,0
A woman is running on the beach.,A dog is swimming in a pool.,0
A man is reading an email.,A person opening a banana.,0
A man is straining pasta.,A man plays a wooden flute.,0
A woman is swimming.,A man is singing.,0.067
A baby is crawling happily.,A cat is walking on hardwood floor.,0.1
A woman cuts a pink loaf with a knife.,A man is playing a guitar.,0.118
A woman is pouring egg into a frying pan.,A man is petting two dogs.,0.167
A person is adding food in a pan.,A man is dancing in the street.,0.188
A man is smoking.,A man is mixing.,0.2
A person is making a bed.,A person is eating at a table.,0.2
A woman is hitting a man.,A woman is taking a bath.,0.2
The woman is smoking.,The man is walking.,0.2
A woman is firing a rifle.,A woman is cutting a lemon.,0.2
A man is playing flute.,A man is dancing.,0.2
The girl is riding the horse.,The girl is spraying the plants with water.,0.2
Someone is cutting a circle out of a pink sheet of paper.,Someone is pouring tomato sauce into a pot of meat.,0.2
A man is playing flute.,A man is petting a tied up dog.,0.2
A woman is riding a horse on the beach.,A woman is washing a bowl.,0.2
A man is adding oil to a pot.,A dog is catching a fish in a river.,0.2
A dog is barking.,A jet is flying.,0.231
Someone is frying meat.,Someone is playing paino.,0.25
A man is climbing a rope.,A man is sitting on a rock.,0.25
A cat is playing the piano.,A cat is licking its paw.,0.25
A woman is dancing in the rain.,A woman is adding oil to a dish.,0.25
A woman is exercising.,A man is dancing.,0.25
A cat is playing.,A woman is playing flute.,0.25
A woman is dancing.,A woman is slicing ginger.,0.25
A woman is slicing a lemon.,A man is showing a bread.,0.25
A man dries his hands.,A woman fixes her hair.,0.25
Someone is folding a piece of paper.,A person is slicing a small pieces of ginger.,0.25
A man is doing a card trick.,A man is squeezing water.,0.25
A man is lifting weights.,A man is chopping egg plant.,0.25
A man is kicking oots of water.,A woman is slicing a red pepper.,0.25
A man puts a knife in a vice.,A man is dancing.,0.25
A man is lifting heavy weights.,A wallaby is licking a woman's hand.,0.25
The man did pushups on a wall.,The man tased the food.,0.25
A person is putting shredded cheese in a pot.,A hamster is eating some seeds.,0.25
Someone is drawing.,Someone is dancing.,0.3
A man is hitting a boy with flower vase.,A man is cutting a mat.,0.3
A woman is dancing near a fire.,A woman is cutting a tomatoe.,0.308
An okapi is eating from a tree.,A moose drinks from a sprinkler.,0.333
A man and woman dance.,A man is petting a dog.,0.333
The girls danced on the stage.,A girl is putting on makeup.,0.333
A man is erasing a chalk board.,"A woman is dancing, and singing.",0.364
The man is buttering the bread.,The man is stirring the rice.,0.4
A boy is riding a horse.,A monkey is riding a bus.,0.4
Two men are dancing.,Two women are shopping.,0.4
A man is playing guitar.,A cat is playing.,0.4
A animal is eating.,The animal is hopping.,0.4
A man is peeling potato.,A man is playing a guitar.,0.4
A man is dancing.,A woman is exercising.,0.4
A man is playing soccer.,A man is drawing some figures.,0.4
A woman is playing the flute.,A woman is slicing some tuna.,0.4
A person is riding a motorcyle.,A person is chopping an onion.,0.4
A man is singing into a microphone.,A man is dancing in the rain.,0.4
A man is talking on the phone.,A man is moon-walking across a store.,0.4
A man is slicing a carrot by a machine.,A man is climbing a rope.,0.4
A cat is playing with an antenna.,A boy is playing in the mud.,0.4
The woman is slicing tofu.,The woman is putting on lipstick.,0.4
A man is riding on a boat.,A man is tying in the machine.,0.4
A woman is folding paper.,A woman is applying eye shadow.,0.4
The woman is peeling lemon.,The man is balancing on the wire.,0.4
A man is playing a cello.,A man is rapidly lifting small weights.,0.4
The man is talking.,A man is walking down stairs.,0.4
A woman is feeding an aardvark.,A woman is chopping up garlic.,0.4
A woman is brushing her feet.,A woman is chopping an onion.,0.4
A woman is relaxing in a bath tub.,A woman is stabbing a potato with a fork.,0.4
A man is placing meat inside a plastic bag.,A woman is carrying a wallaby in a bag.,0.4
A man is slicing a carrot by a machine.,A man is standing in the rain.,0.4
A man is slicing a bun.,A man is breaking pots.,0.4
The man played haki sak in the office.,The man is seasoning the vegetables.,0.4
A man is carrying another man on his back.,A man is taking pictures of ant.,0.4
A man is cleaning the windows.,A man is driving a car.,0.4
The men are fighting each other.,The man drew on the white paper.,0.4
A man is dicing an onion.,The man is playing the guitar.,0.4
A man performs on a stage.,A man guts a fish.,0.4
Someone is holding and petting a baby tiger.,Someone is rinsing a large beef steak at the kitchen sink.,0.4
A man is talking with a woman.,A woman is walking with a dog.,0.5
A man is singing.,A man is dancing.,0.5
A man is fishing.,A man is exercising.,0.5
A person is playing a piano.,A person is slicing a potato.,0.5
A woman is riding on a horse.,A woman is picking tomatoes.,0.5
A man is doing exercise.,A man is firing a rifle.,0.5
A man is burning a flag.,A man is shooting a gun.,0.5
A man is eating wood.,A man is adding oil to car.,0.5
A man is playing a guitar.,A woman is riding a horse.,0.5
A gun is being fired.,A potato is being peeled.,0.5
A woman is mixing eggs.,The woman is eating.,0.5
A woman is cutting a plastic sheet.,A woman is playing a guitar on streets.,0.5
A man is placing meat in a bag.,A man is drivong a car.,0.5
A man shappens a knife.,A man carries a women.,0.5
A man is peeling a potato.,A man is hiking.,0.5
A woman is reading a lifestyle magazine.,A woman is slicing a meat into pieces.,0.5
A woman is cooking broccoli.,A man is eating his food.,0.5
A man is folding a piece of paper.,A man is slicing a plastic container with a sword.,0.5
A man is singing while playing the guitar.,A man is stuffing himself full with food.,0.5
A woman is frying ground meat.,A man is cutting a trunk with an axe.,0.5
The man is playing the guitar.,The man is peeling a potato.,0.583
A man and a woman are kissing each other.,A man and a woman are talking to each other.,0.6
A dog is speaking to the camera.,A dog is eating some water melon.,0.6
A woman is wearing headphones.,A woman is chopping some shiso leaves.,0.6
A woman is adding oil on fishes.,The woman is cutting potatoes.,0.6
A man is holding a frog.,A man is emptying a plastic container.,0.6
A man is chopping butter into a container.,A woman is cutting shrimps.,0.6
A cat retrieves an object out of a dish of water.,The cat tried to eat the corn on the cob.,0.6
A woman is slicing mango.,A man is putting cheese on a tortilla.,0.6
A man is diving into a swimming pool.,A man is singing into a microphone.,0.667
A man dives off of a cliff.,A man is riding a motorcycle.,0.667
A man is praying.,A man is running.,0.727
A man is praying.,A man is dancing.,0.75
Someone is slicing a onion.,Someone is carrying a fish.,0.75
A woman is peeling a potato.,A woman is hitting a man.,0.75
A man is playing piano.,A man is laying on the ground.,0.75
A woman is cutting potato.,A woman is riding a horse.,0.75
A man is making a bed.,A man is speaking to an audience.,0.75
A man is walking outside.,A man is dancing.,0.75
A man is playing the piano.,Someone is playing guitar.,0.75
A man is serving cake.,A man seasoning quail.,0.75
A woman is squeezing some cucumber slices.,A woman is getting doused in green slime.,0.75
A man is slicing cucumber with a knife.,A man is cooking a tortilla in a skillet.,0.75
A man is stirring juice.,A man is peeling an onion.,0.75
A person is cutting garlic into pieces with a knife.,Someone is putting ingredients into a wok.,0.75
A man is walking along a path through wilderness.,A man is peeling an onion.,0.75
A man is meditating.,The man is riding the horse.,0.75
A young woman is playing a guitar.,A woman cuts up some meat.,0.75
A person is mixing a pot of rice.,A person is peeling a potato.,0.778
A man is shooting a gun.,A man is slicing a bun.,0.8
A man is spitting.,A man is talking.,0.8
A woman is washing her hands.,A woman is straightening her hair.,0.8
A woman is adding oil on fishes.,A woman is riding a horse.,0.8
A woman is smoking.,A woman is making some food.,0.8
A woman is slipping in the water-tub.,A woman is lying in a raft.,0.8
A man is mowing a lawn.,A man is mixing.,0.8
A woman is cutting an onion.,A woman is rowing a boat.,0.8
A man is staring at a leaf.,A man is slicing a vegetable.,0.8
The woman is slicing fish cake.,The woman is riding a horse.,0.8
A man is eating bread.,A man is playing flute.,0.8
A woman is cooking shrimp.,A woman is dancing.,0.8
A man is putting a knife in a vice.,A man is getting into a car in a garage.,0.8
A man is shooting a pistol.,A woman is chopping garlic.,0.8
A woman is swinging her arms.,A woman is slicing an onion.,0.8
A boy is riding a bike on a gate.,A woman is riding a horse.,0.8
A person is mixing water and flour.,A person is hitchhiking on a road.,0.8
A man is playing the trumpet.,Someone is playing with a toad.,0.8
A kitten is drinking milk from a bowl.,A small child is drinking water from a cup.,0.8
A man breaks cinder blocks on another man.,A woman breaks an egg into a pan.,0.8
A woman is writing something.,A woman is chopping green onions.,0.8
A man is chopping coriander leaf.,A man is playing a guitar.,0.8
A man takes a slice of pizza.,A man talks on his cell phone.,0.8
A man is playing the guitar and singing.,A man is opening a package containing headphones.,0.8
The man is trying to feed the snake with a mouse.,A man is working on his laptop.,0.8
A couple of policewomen are singing karaoke.,Two women are dancing.,0.8
Panda's play on a swing.,A man is playing guitar.,0.8
A man is playing a guitar.,A man is cleaning a cd.,0.833
A woman is cutting a tomato.,A woman is slicing a potato.,1
A man is running.,A man is mooing.,1
A woman is dancing.,A woman is exercising.,1
The man is playing the guitar.,The man is playing with a skull.,1
A person is cutting a potato.,A person is slicing a shallot.,1
A woman is boiling shrimp.,A woman is combing her hair.,1
A woman is cutting some flowers.,A woman is cutting broccoli.,1
A woman is doing ballet.,A woman is riding on a horse.,1
A woman is playing the flute.,A man is playing a keyboard.,1
A woman is cutting flowers.,A man is holding huge sunflowers.,1
A man is slicing a potatoe.,A man is peeling a banana.,1
A man is lifting weights.,A woman is exercising her abs.,1
A woman is holding a dancing baby up.,A woman is abusing her child.,1
A woman is chopping garlic.,A woman slices a fish.,1
A person is stirring rice.,A woman is cracking an egg.,1
A man is adding pork chops to a pan.,A woman is peeling a potato.,1
A person is slicing some onions.,A woman is chopping herbs.,1
A man is scaling a fish.,A man pours some cooking oil into a pot.,1
A man is putting broccoli into water.,A person is peeling a potato.,1
A girl is slicing a butter into two pieces.,A woman is slicing tofu.,1
A girl is playing a guitar.,A boy is playing a key-board between the people.,1
A woman is slicing an onion.,A man is slicing a tomato.,1.2
A woman is slicing a carrot.,A man is slicing a tomato.,1.2
A man is speaking.,A man is dancing.,1.2
A man is dancing.,A man is speaking.,1.2
A man is dancing.,A man is thinking.,1.2
A band is playing on stage.,A woman is dancing on a stage.,1.2
A woman is slicing a onion.,A woman is cutting a potato.,1.2
A man is playing the piano.,A woman is playing a guitar.,1.2
A woman is cutting potatoes.,A woman is slicing carrots.,1.2
The woman is thinly slicing a cucumber.,The woman is slicing a tomato.,1.2
A woman is applying eye shadow.,A woman is washing a bowl.,1.2
A person is frying.,A person is peeling a potato.,1.2
A woman is slicing an onion.,A man is shown slicing a carrot with a knife.,1.2
A woman is removing skin from some meat.,A woman is slicing a tomato.,1.2
Two little girls talk on the telephone.,Two couple are talking with each other.,1.2
A man is playing keyboards.,A man is riding a mechanical bull.,1.2
A baby is talking.,A boy is trying to say firetruck.,1.2
A man is cutting a potato.,A woman is cutting a tomato.,1.25
A man is running.,A man is dancing.,1.25
A man is dancing.,A man is singing.,1.25
A man is running.,A man is singing.,1.25
A girl is styling her hair.,A girl is filing her nails.,1.25
A man is swinging in a rope.,A gibbon is swinging in the trees.,1.25
A boy is playing a piano.,A man is singing and playing a guitar.,1.25
A man is playing an electronic keyboard.,A band is playing instruments.,1.25
Three boys in karate costumes are fighting.,Three men are practicing karate moves in a field.,1.25
Three men are dancing.,Women are dancing.,1.3
A woman is peeling a potato.,A woman is slicing a tomato.,1.333
A woman is peeling a potato.,A woman is slicing a tomato.,1.333
A man is kicking pots of water.,A man is turning foods.,1.333
A tiger is playing with his trainer.,A tiger attacks a man.,1.333
The man is walking.,A man is talking.,1.4
Someone is peeling a potato.,Someone is slicing a tomato.,1.4
A man is riding a bike.,A woman is riding a horse.,1.4
A man is riding a horse.,A man is driving a car.,1.4
A man is riding a horse.,A man is driving a car.,1.4
A man is peeling a banana.,A woman is peeling a potato.,1.4
A man is playing a guitar.,A man in a hat is playing a harp.,1.4
A man is playing on his keyboard.,A man is playing a guitar.,1.4
A woman is slicing an onion.,A woman is cutting a carrot.,1.4
A woman is slicing an onion.,A women slicing lemons.,1.4
A man is playing the piano.,A man is playing a wooden flute.,1.4
A woman is collecting tap water in a mug.,A boy is filling a pitcher with water.,1.4
A child is walking down the street as a jeep pulls up.,A woman is walking along a road and a man in a motorcar pulls up beside her.,1.4
A man is walking in the rain.,A man and woman is walking in the grand.,1.5
A person is slicing a carrot into pieces.,A person is cutting an onion into pieces.,1.5
A man is cutting tomatoes.,A woman is cutting broccoli.,1.5
Several kids jump up and down on a trampoline.,A man is doing back flips on a trampoline.,1.5
The two men did a funny skit with a boxer in front of a crowd of people.,Boys are dancing in front of people.,1.5
Some is grating onion into water.,A person grates a potato into a bowl.,1.5
A man is riding on a horse.,A woman is riding an elephant.,1.533
A man is playing the guitar.,A man is playing the drums.,1.556
A man is playing a guitar.,A man is playing a flute.,1.583
The man is playing the guitar.,The girl is playing the guitar.,1.6
A man is playing a harp.,A woman is playing a guitar.,1.6
A person is cutting a capsicum into pieces.,A person is slicing a garlic into pieces.,1.6
Someone is pouring oil into a skillet.,Someone is pouring milk into a blender.,1.6
A man is playing two pianos.,A cat is playing a piano.,1.6
A Woman is eating.,A animal is eating.,1.6
The woman is slicing herbs.,The man is slicing bread.,1.6
A man is playing a violin.,A man is playing a harp.,1.6
A woman is grating carrots.,A woman is coating a pork chop.,1.6
A woman is slicing ginger.,A woman is cutting potatoes.,1.6
A dog is looking around,A dog is watching a store counter.,1.6
The lady added cheese to the sauce.,A man pours a plate of shredded cheese into a pot of sauce.,1.6
Swimmers are racing in a lake.,Women swimmers are diving in from the starting platform.,1.6
A woman is writing a letter.,A woman is sitting at a desk.,1.667
A man and woman are Bollywood dancing.,A man an woman are dancing in the rain.,1.667
A group of people are marching in place.,A group of people are dancing in concert.,1.7
A woman is adding ingredients to a bowl.,A woman is cracking three eggs into a bowl.,1.75
A man is throwing knives at a tree.,A man is showing magic.,1.75
A boy is upset playing video games.,Someone is playing a gameboy.,1.75
A dog is opening a fridge.,A dog closes a refrigerator door.,1.75
A man removes a couple of toaster scrambles from a plastic packet.,A man removes food from a bag.,1.75
Several swimmers jump into the water.,Swimmers are racing in a lake.,1.75
A man is playing a piano.,A man is playing a guitar.,1.778
The man is playing a guitar.,A baby is playing a guitar.,1.8
A man is playing a guitar.,A woman is playing a flute.,1.8
A man is playing keyboard.,A man is playing guitar.,1.8
A man is playing the drums.,A man is playing guitar.,1.8
A woman is cutting an apple.,A woman is cutting potato.,1.8
A man is eating a banana.,Someone is peeling a banana.,1.8
A man is playing drums.,A man is playing his guitar.,1.8
A man is cutting tomatoes into pieces.,A woman is cutting potatoes.,1.8
A woman is chopping an onion.,A woman is chopping garlic with a knife.,1.8
A man playing the guitar.,A man is playing a flute.,1.8
A person is riding a horse.,A man is riding a motorcycle.,1.8
Two boys are talking on the phone.,A woman is talking on a telephone.,1.8
A man is standing on a roof top playing a violin.,A man is on a roof dancing.,1.8
A woman is doing a joker make up on a man.,The girl applied face makeup to a man.,1.8
A person dices up an orange pepper.,The cook is slicing bell peppers.,1.8
A man is playing a flute.,A man is playing a guitar.,2
A man is playing a flute.,A man is playing a guitar.,2
A man is playing a guitar.,A man is playing a piano.,2
A man is playing a flute.,A man is playing a guitar.,2
A man is playing a flute.,A man is playing a guitar.,2
The woman is shooting a machine gun.,The man is shooting a gun.,2
A woman is cutting an onion.,A man is chopping an onion.,2
A person is slicing a scallop.,A person is slicing octopus.,2
A man and a woman are riding on their bicycles.,A man and woman are riding a motorcycle.,2
A girl is playing guitar.,A girl is playing a piano.,2
A man is playing piano.,A man is playing a violin.,2
Two people are riding a motorcycle.,Two people are riding a bike.,2
Two roosters are fighting.,Two men are fighting.,2
A woman is cutting an onion.,A woman is cutting meat.,2
A woman is slicing up some meat.,A woman is slicing some onions.,2
A woman is dancing in the rain.,A woman is dancing in railway station.,2
A man plays a guitar.,A woman is playing guitar.,2
A man is talking on a cell phone.,A guy is talking into a microphone.,2
A woman opens a window.,A woman is looking out a window.,2
The woman is riding a horse.,A man is riding a horse in an arena.,2
A man is cutting a snake to cook.,A woman is cutting meat.,2
The monkey is hanging from the trees.,The monkey swung from branch to branch.,2
A man is adding oil to car.,A man is putting anti-freeze into a car.,2
A woman is slicing pumpkin.,A person is slicing cantaloupe.,2
A person is riding a jetski in the waves.,A woman is riding a seadoo.,2
A group of girls are exiting a taxi.,A video clip of Rihanna leaving a taxi.,2
The cat shimmied under the bed.,A cat is crawling upside down under the couch.,2
A woman is slicing fruit.,Two women are slicing some lemons.,2
Someone is scratching an animals belly.,A woman is stroking a lemur.,2
A man is playing a flute.,A man is playing guitar.,2.167
A man is playing the guitar.,A man is playing the flute.,2.2
A kid is playing guitar.,A man is playing a guitar.,2.2
A woman is cutting some fish.,A woman is cutting tofu.,2.2
A woman is slicing an onion.,A woman is slicing lemons.,2.2
A man is playing a guitar.,A woman is playing an electric guitar.,2.2
A woman is slicing a garlic.,A woman is slicing a big pepper.,2.2
A woman is cutting a squash.,A woman is cutting big pepper.,2.2
A man is putting two paper towels on a paper plate.,A man is putting papers on a dish.,2.2
The man is playing the keyboards.,A man is playing guitar.,2.2
A man is playing a ukulele.,A man is sitting and playing a small guitar.,2.2
Several ferrets climb out of their cage.,Ferrets climb down from a shelf.,2.2
The man set up his camera to take sunset pictures at the beach.,A man is taking pictures of a lake.,2.2
The girl is slicing an onion.,A woman is chopping an onion into small pieces.,2.2
A man is playing a guitar.,The girl is playing the guitar.,2.25
A man is slicing vegetables.,A woman is slicing a potato.,2.25
A dog is playing with a toy.,A dog is eating a doll.,2.25
A woman cuts up a vegetable.,A woman is slicing egg plant.,2.25
A man is slicing a potato.,A woman is peeling a potato.,2.333
A person uses a blowtorch on two cameras.,A person is burning cameras.,2.333
Someone is slicing two uncooked racks of ribs apart.,Someone is cutting a piece of meat.,2.333
A man is giving a lecture on a podium.,A man is delivering a lecture at an event celebrating the game of cricket.,2.333
A man is cutting up a potato.,A man is cutting up carrots.,2.375
A woman is playing an electric guitar.,A man is playing an acoustic guitar.,2.4
Someone is playing a piano.,Someone is playing guitar.,2.4
A woman puts slabs of meat in a pan.,A man puts pieces of meat into a plastic bag.,2.4
The man is seasoning the sausages.,The man added seasoning to water in a bowl.,2.4
A car backs out of a space.,A car is taking reverse.,2.4
A man is dicing an onion.,A woman is cutting an onion.,2.5
A woman is slicing a potato.,A woman is slicing carrot.,2.5
A man is breaking wooden boards with his hand.,A man is breaking tiles with his hands.,2.5
A man is running with a bus.,A man runs with a truck.,2.5
Someone is greating a carrot.,A woman is grating an orange food.,2.5
A monkey is karate kicking a person.,A monkey pratices martial arts.,2.5
A man is pouring chili into a bowl.,A man opens a can and pours the contents into a bowl.,2.5
The man was pushed into the water.,A man pushes another man into the ocean.,2.5
A slow loris bites a persons fingers.,A small animal is chewing on a finger.,2.5
The girl is tiding up her bed.,A woman is making a bed.,2.5
A man is karate kicking at another man wearing protective boxing gloves.,A man is kick boxing with a trainer.,2.5
A man is cutting a paper.,A person is tearing paper.,2.583
A man is peeling a potato.,A man is slicing a potato.,2.6
A woman is chopping broccoli.,A woman is chopping garlic.,2.6
A woman is dancing.,The man is dancing.,2.6
Women are talking.,The men are talking.,2.6
A girl is putting gel in her hair.,A woman is putting gel on her hair.,2.6
A girl is eating a cupcake.,A woman is eating a cupcake.,2.6
A girl is playing a violin.,A girl is playing a flute.,2.6
A boy and a girl is dancing in the rain.,A man and woman is dancing in the rain.,2.6
A little girl is playing a grand piano on stage.,A little girl is playing the piano.,2.6
A girl is coming up on a car.,A girl jumps on top of a car.,2.6
The men are performing on stage.,The comedic mimes performed on stage.,2.6
A man is kicking a soccer ball.,A man is performing tricks with a soccer ball.,2.6
Men are running a race.,Racers are running down a track.,2.6
A lion is walking in an enclosed area.,A lion is walking around.,2.6
Girls are walking on the stage.,Women models are walking down a catwalk.,2.6
Some men are skating on the road.,Two boys are skate boarding.,2.6
A man pours liquid into a pan.,The chef poured oil in the pan.,2.6
The animal with the big eyes is eating.,A slow loris is eating.,2.6
The women are sitiing down.,Two women are sitting close to each other and talking.,2.6
A person breaks an egg into a small bowl.,A man cracks an egg.,2.6
A woman is slicing a lemon.,"A woman, in a kitchen, peels a lemon.",2.667
A dog knocks a boy into the water twice.,A dog pushes a toddler into a rain puddle.,2.692
A man is playing a guitar.,A woman is playing the guitar.,2.75
A lion cub tries to climb a fence.,A lion tries to climb over a wall.,2.75
A little girl peddling a scooter.,A girl is riding a scooter.,2.75
A person drops a camera down an escelator.,A man tosses a bag down an escalator.,2.75
A boy is running on a beach.,Two boys are playing in the beach.,2.75
A man takes a piece of pepperoni pizza out of a pizza box and puts it on the lid after he closes the box.,The man took a piece of pepperoni pizza out of the box.,2.75
A man is stirring ingredients in a bowl.,A man is beating two eggs in a bowl with a fork.,2.75
A woman serving volleyballs over a net.,One woman hands volleyballs to another woman who serves them.,2.75
The dog could not figure out how to get a stick out the doggy door.,A dog is trying to get through his dog door.,2.75
A girl is applying makeup on her face.,A woman is putting on makeup.,2.75
The girl danced in front of the bonfire.,A woman is dancing to music standing near a bonfire.,2.75
A young man is riding a skateboard and jumps onto a sidewalk then off at another curb.,A man is riding a skateboard.,2.75
A woman is stirring rice in a pot.,Someone is putting rice in a pan.,2.769
A girl is playing a guitar.,A man is playing a guitar.,2.8
A girl is singing on stage.,A man is singing on stage.,2.8
A woman is riding a horse.,A woman is riding a donkey.,2.8
A girl is playing a guitar.,A man is playing a guitar.,2.8
A woman is riding a horse.,A man rides a horse.,2.8
A cartoon woman dives into a pool.,A cartoon woman is diving off a board.,2.8
Someone is cleaning a animal.,A woman is cleaning a shrimp.,2.8
An airplane moves along a runway.,A plane is landing on a runway.,2.8
A boy is playing the violin onstage.,A boy is playing an instrument.,2.8
The woman is putting makeup on the man.,A woman is painting the face of a man.,2.8
A woman shoots a shotgun.,The woman is shooting a rifle.,2.8
The lady made some slices on the shrimp.,A chef is slicing a shrimp.,2.8
The doctor was helping the patient.,Doctors are trying to revive a man.,2.8
A man is writing in a book.,A man is writing on a paper.,2.875
A man is crying.,A man is screaming.,3
A man is exercising.,A girl is exercising.,3
A woman is adding oil to a pan.,A man is pouring oil into a pan.,3
The man is hiking in the woods.,A man is tracking in the wood.,3
A boy is playing the piano.,A man is playing a piano.,3
The man erased what the other man had on the board.,The man erased the work on the board.,3
A cat stares into the camera.,A cat addresses the camera.,3
An animal is walking on the ground.,A solenodon is walking along the ground.,3
A girl dances in the rain.,A woman is dancing in the rain.,3
The man is singing and playing the guitar.,A man is playing a guitar.,3
Someone is cracking an egg open.,A man is breaking an egg.,3
A tiger is walking around his cage.,A tiger walks around aimlessly.,3
A parrot is talking.,A parrot is talking into a microphone.,3
A woman covers a piece of meat with flour.,A woman is seasoning a piece of meat.,3
A tiger trys to climb the wall.,A lion is trying to climb up over a wall.,3
Men are playing soccer.,Two teams play soccer.,3
A puppy is trying to come out from the sink.,The puppy tried to get out of the tub.,3
Some children are jumping on Trampoline.,Two boy are playing on a trampoline.,3
A panda bear is chewing on a stick.,A baby panda plays with a stick.,3
The man is throwing knives at a tree.,A man is throwing blades into a close target outside.,3
A man is riding on one wheel on a motorcycle.,A person is performing tricks on a motorcycle.,3
A clown is singing and people are dancing.,A clown is singing.,3
A boy rode his bike on top of a metal fence.,A BMX biker rides along the top of a fence.,3
A baby eats his food.,A baby is being fed peas.,3
A woman feeds an animal by hand.,The women are feeding the animal.,3
A person is chopping an herb.,A man is finely chopping a green substance.,3
Rocky and Apollo Creed are running down the beach.,The men are jogging on the beach.,3
A boy runs away from his fishing line.,A boy is running in front of fish hanging on fishing rod.,3
The man played his guitar.,A guy is singing while playing his guitar.,3
A boy is playing with a toy.,A boy plays a handheld game.,3
A woman boils eggs.,A woman places two eggs into a pot of water.,3
The baby laughed in his car seat.,A baby is laughing.,3.1
A child is waking up.,A girl is waking up.,3.2
Two women are on a couch.,Two women are hugging on a couch.,3.2
A man is playing a guitar.,A man is playing a guitar and singing.,3.2
A man is playing a guitar and singing.,A man is playing a guitar.,3.2
Someone is slicing a tomato.,Someone is slicing fruit.,3.2
A woman is playing a guitar and singing.,A woman is playing the guitar.,3.2
A woman fires a shotgun.,A woman is shooting a gun.,3.2
A man is dangling a mouse near a snake.,A man is feeding a mice to a snake.,3.2
A person is slicing a bread pieces.,A man is slicing bread.,3.2
A man is talking on the phone.,A man is talking.,3.2
The woman is measuring the other woman.,The lady measured the other woman's ankle.,3.2
A man and woman are walking.,A man and woman walking hold each other.,3.2
A dog is stealing food from a refrigerator.,The dog took something out of the refrigerator.,3.2
A woman dances on a stage.,A woman is dancing.,3.2
A boy played a keyboard.,A person is playing a piano keyboard.,3.2
A man tries to feed a mouse to a snake.,A man is teasing a snake with a mouse.,3.2
A man is playing a guitar and singing on a stage.,A man is playing the electric guitar.,3.2
A young child rides a horse.,The little girl rode a horse.,3.2
A man is coming out into the water.,A man rises from a swamp.,3.2
A dog is running around a yard.,A black pet dog runs around in the garden of a house.,3.2
The man is exercising.,A man is doing pull-ups.,3.2
A woman is slicing an onion.,Someone is slicing a onion.,3.25
A man is carrying another man over his shoulder.,A man is carrying someone on his shoulder.,3.25
A woman is dancing in a cage.,A woman is dancing.,3.25
A woman is peeling an onion.,The woman is slicing green onions.,3.25
A man is dancing on the road.,A man is dancing.,3.25
A man with glasses is talking.,A man in a library is talking.,3.25
A man is riding a bicycle.,A man is riding a bicycle around a parking lot.,3.25
A soccer player is kicking the soccer ball into the goal from a long way down the field.,A soccer player kicks the ball into the goal.,3.25
A baby monkey scratches itself.,The monkey scratched his tummy.,3.25
A young boy sings and plays a guitar.,A kid plays the guitar.,3.25
The bird ate the food in the tree from a bowl.,A bird is eating from a bowl.,3.25
Meat is dropped into a pan.,A woman is putting meat in a pan.,3.25
A boy whacks a man with a sword.,A boy spanks a man with a plastic sword.,3.333
A gorilla is playing the drums.,A monkey is playing drums.,3.333
A girl is playing the piano.,A little girl is playing a grand piano on stage.,3.333
A man is drawing some figures.,A man is drawing on a digital dry erase board.,3.333
A woman puts make-up on.,A woman is putting on eyeshadow.,3.333
A man is sweeping the floor of a house using a long broom.,The man swept the empty living room.,3.333
A group of couples are dancing.,Men and women are dancing slowly.,3.333
A panda bear is laying down.,A baby panda relaxes on some logs.,3.333
Two men are playing football.,Two men are practicing football.,3.4
A man and a woman is kissing each other.,A man and a woman are hugging and kissing each other.,3.4
a group of people dancing,A group of men are dancing.,3.4
Someone is reading an email.,A man is reading his email.,3.4
A man and a woman are walking in the woods.,A man and woman are walking through the jungle.,3.4
A man is speaking on a stage.,A man is speaking at a podium.,3.4
A woman is slicing a big pepper.,A person is cutting a green pepper.,3.4
A white cat perched on a small wooden cabinet is looking outside the window.,"A cat, perched on a table, looks out the window.",3.4
A woman is exercising.,A woman lifts weights.,3.4
A guy is riding a horse.,A man is riding a horse in the desert.,3.4
A man plays a trumpet.,A man is playing a musical instrument.,3.4
The man added vegetables to the broth in the pot.,A man is adding sliced vegetables to a cooking bowl with water.,3.4
The man ran and jumped against the wall.,A man jumps into a wall.,3.4
the soccer player kicked the ball side to side between his legs.,A person is kicking a soccer ball back and forth between his feet.,3.4
The man took off his sunglasses while talking.,A man wearing a hard hat removes his glasses as he speaks.,3.4
Someone drew on Washington's face on the dollar.,A person draws on a dollar bill.,3.4
A person folds a tortilla.,A man folds a tortilla.,3.5
A person is driving a car.,A man is driving a car.,3.5
A man is riding a motorcycle.,A man is riding a motorcycle through a town.,3.5
A man is riding a motorcycle on the highway.,A man is riding a motorcycle.,3.5
A skateboarder does tricks on a half-pipe.,A man skateboards on a half pipe.,3.5
A person is walking down a stone path.,A man is walking down a sidewalk.,3.5
"A woman tosses a cat in the air, and the cat hangs off a rod on the ceiling.",A person throws a cat in the air and it grabs onto the ceiling.,3.5
The dog is barking at the toy.,A dog is barking at an electronic toy duck.,3.5
A woman is adding an egg and stirring.,A woman is mixing an egg in a bowl.,3.5
A puppy is repeatedly rolling from side to side while on its back.,A dog is rolling from side to side.,3.5
A woman is doing weight exercises.,A woman is exercising with a barbell.,3.5
A large bird standing on a table picks up a plastic glass containing liquid and places it in a bowl of something.,A bird picks up a plastic cup containing a liquid with it's beak and puts the cup into a bowl.,3.5
The man sang on stage into the microphone.,A man in a suit is standing at a microphone and singing.,3.5
A cat plays in his water.,The cat fished a straw out ouf his water dish.,3.5
A monkey is karate kicking at someone's gloved hand.,A monkey pratices martial arts.,3.5
A person is peeling shrimp.,A person is preparing shrimp.,3.6
A boy is playing a guitar.,A kid is playing a guitar.,3.6
A man is eating a pizza.,A man is eating a food.,3.6
Someone is seasoning eggs.,Someone is seasoning two raw eggs in a bowl.,3.6
A chicken is pecking at a dead mouse.,A rooster pecks at a dead mouse.,3.6
A man does floor exercises.,A man is exercising.,3.6
Someone is playing piano.,A person is playing a keyboard piano.,3.6
A dog is pawing at a fly in the carpet before it.,The dog played with a bug on the carpet.,3.6
A baby elephant is eating.,A baby elephant eats a sapling.,3.615
A man is cutting an onion.,A man is cutting a plantain.,3.667
The man is playing the guitar.,The man played his guitar.,3.667
A small boy is playing with a dog.,A baby is playing with a dog.,3.75
A woman is handling a frog.,A man is holding a frog.,3.75
A person is peeling a potato.,The man is peeling a potato.,3.75
A man is rapidly chopping some mushrooms using a knife.,A person is quickly chopping mushrooms with a knife.,3.75
A man cuts a potato.,A man is slicing a potato.,3.75
The boy cut the grass by the curb with scissors.,A boy cuts grass with scissors.,3.75
Someone is pouring chicken broth into a pot.,The man is pouring broth into the pot.,3.75
A person is slicing some garlic.,A person is dicing a clove of garlic with a knife.,3.75
A person is folding a square paper piece.,A person folds a piece of paper.,3.75
The people are lifting bags.,Several people are carrying large bags.,3.75
A woman is adding spices on a meat.,A woman adds ingredients to beef.,3.75
A cook seasons some dough.,A man is seasoning some dough in a pan.,3.75
A cat opens a drawer and climbs inside.,A big cat opens a plastic drawer with his paws and then hops inside.,3.75
A man severs the toe of an empty leather boot using a sword.,A man is cutting a boot with a sword.,3.75
The man rode his motorcycle down the highway.,A person is driving a motorcycle on a road.,3.75
The flag was moving in the air.,A flag is waving.,3.75
A person is peeling shrimp.,A man is peeling shrimp.,3.8
Someone is slicing a cucumber.,A man is slicing a cucumber.,3.8
A cow is eating grass.,A cow is eating hay.,3.8
A man is pouring rice a roni into a pan.,A man poured ric-a-roni into a pan.,3.8
A man is picking up a tree.,A man is carrying a tree.,3.8
A kid is playing an instrument.,A young boy is playing a wind instrument.,3.8
A guy is taking off his sunglasses.,A boy is removing his sunglasses.,3.8
A woman is playing the flute.,A girl is playing a flute.,3.8
A cat cleans itself.,A cat is licking itself.,3.8
Three men are doing same dance in the street.,Three shirtless men are dancing in the street.,3.8
A man laying down and shooting a gun,A man is laying on the ground shooting a rifle.,3.8
A person pours cooking oil into a pot.,A person is pouring olive oil into a pot on the stove.,3.8
A child runs into and out of the ocean waves.,A young boy is running toward and from the ocean waves.,3.8
The cat is drinking milk.,A white cat is licking and drinking milk kept on a plate.,3.8
A person is whisking eggs in a bowl.,A woman is beating two eggs in a bowl using a wire whisk.,3.8
A person is adding chili powder to chili with beans.,The man is adding seasoning to the beans.,3.8
A girl is dragged downhill by a dog.,A dog is pulling a child down a hill.,3.8
Women are running.,Two women are running.,3.824
A person is rinsing a steak off with water.,A man is rinsing a large steak.,3.929
A cat is drinking milk.,A kitten is drinking milk.,4
A woman is tapping her fingers on a table.,A woman is tapping her fingers.,4
A woman is cutting a leak.,A woman is slicing a leek.,4
A man played the piano.,A man plays a piano.,4
A man is chopping a log with an axe.,A man is chopping a tree trunk with an axe.,4
Two men are fighting in a cow pasture.,Two men are fighting in a cattle pen.,4
Two boys on a couch are playing video games.,Two boys are playing a video game.,4
A man is riding a horse by a creek.,A man is riding a horse.,4
A woman is playing the guitar.,A person is playing a guitar.,4
A woman is cracking eggs into a bowl.,A woman is cracking eggs.,4
A person is playing the keyboard.,A boy is playing a key-board.,4
Someone slices a bottle with a sword.,A man breaks a bottle with a sword.,4
A little boy hits a golf ball.,The little boy swung at the golf ball.,4
A man is eating a bowl of cereal.,The man is eating cereal.,4
A person pours some rice pudding into a bowl.,The lady poured the rice pudding into a bowl.,4
The deer jumped over the fence.,A deer jumps over a cyclone fence.,4
A woman is dicing some peeled potatoes cut into thick strips.,A woman is chopping a peeled potato into slices.,4
The woman droppped eggplant into the pan.,A woman puts chopped eggplant into a skillet.,4
A person is scrubbing a zucchini.,A woman is scrubbing a zucchini with a vegetable brush.,4
A woman with a knife is slicing a pepper.,A women slicing green pepper.,4
A woman cuts a pineapple.,A woman is slicing a pineapple into pieces.,4
A man is taking out the insides of a green pepper.,Someone is removing the seeds from a bell pepper.,4
A kitten is eating its food from a plate.,A kitten eats some food.,4
A man makes a call on a cell phone.,A man is making a phone call.,4
The man lifted barbells.,A man lifts weights.,4
A lady mixed up a meat mixture in bowl.,A woman is stirring meat in a bowl.,4
A woman is shooting a gun.,A woman shoots a shotgun.,4.091
A woman is slicing an onion.,A woman is cutting an onion.,4.2
A woman thinly slices an onion with a large knife.,A woman is slicing onions with a large knife.,4.2
A polar bear is running towards a group of walruses.,A polar bear is chasing a group of walruses.,4.2
The baby is laughing and crawling.,A baby is laughing and crawling on the floor.,4.2
A cat swings on a ceiling fan.,A cat is spun around by a ceiling fan.,4.2
A monkey is brushing a bull dog.,A monkey brushes a dog.,4.2
A motorcyclist crashes on his motorcycle.,A person crashes on a motorcycle.,4.2
A man is lifting weights.,A man is lifting a barbell.,4.2
A man puts some cheese on a pizza.,A man is sprinkling shredded cheese on a pizza.,4.2
A person is picking a komodo dragon and putting it in a box.,A person is placing a baby komodo dragon into a container.,4.2
American flag is waving.,A American flag is blowing in the wind.,4.2
A man pours rice into a pot.,A man is putting rice in a bowling pot.,4.2
The man drilled holes into the wood.,A man drills wood.,4.2
A cat gets stuck on a moving ceiling fan.,A cat is swinging on a fan.,4.2
Two kids are playing in a swimming pool with a green colored crocodile float.,Two kids push an inflatable crocodile around in a pool.,4.2
A target is being hit with gun fire.,The target was being shot with bullets.,4.214
A person wipes butter on a tray.,A person is buttering a tray.,4.25
A woman is frying a food.,A woman is deep frying food.,4.25
A big turtle is walking.,The tortoise is walking.,4.25
A person is adding oil in the pan.,The cook pouring oil into the pan.,4.25
A boy plays violin on stage.,A boy is onstage playing the violin.,4.25
A cat and a ferret are playing.,A ferret and kitten play together.,4.25
The man is shaking hands with other men.,A man is shaking another mans hand.,4.333
The lady put the dried noodles in the hot water to cook.,A woman places a container of noodles in a pan of water.,4.333
A kitten is playing with a blue rope toy.,A kitten is playing with a toy.,4.4
A turtle is walking.,A tortoise is walking.,4.4
Someone is boiling okra in a pot.,Someone is cooking okra in a pan.,4.4
A small kitten is playing a ball.,A kitten is playing with a ball.,4.4
A girl makes up her bed.,A young girl makes her bed.,4.4
A woman is squeezing a lemon.,A woman is squeezing juice out of a lemon.,4.4
A man sliced through a bunch of water bottles with a knife.,A man is slicing a line of water bottles with a knife,4.4
A person is combing a cat hair.,A person is brushing a cat.,4.4
The puppy tried to get out of the tub.,A puppy is trying to get out of a bathtub.,4.4
The woman is dicing onions.,A woman is cutting an onion.,4.4
A woman is bathing into bath-tub.,A woman is taking a bath.,4.4
A man plays the keyboard with his nose.,The man is playing the piano with his nose.,4.4
The boy played his trumpet.,A boy is playing the trumpet.,4.4
A man is cutting a rope with a sword.,The man slced through a thick rope with a sword.,4.4
A woman rapidly fires a handgun.,A woman is shooting off a gun.,4.4
The bird is taking a bath under the faucet.,A bird is bathing in a sink.,4.429
A man is slicing a cucumber.,A man is cutting cucumbers.,4.5
Two little girls talk on the telephone.,Two girls talk on the phone.,4.5
A woman is climbing a cliff.,A woman is climbing a rock face.,4.5
A band is performing on a stage.,A band is playing and singing on a stage.,4.5
The people threw the dummy over the cliff edge.,Some people are throwing a dummy off a cliff.,4.5
A rabbit is sniffing and pawing a stuffed rabbit.,A live rabbit is playing with a stuffed animal bunny.,4.5
A little boy is playing a guitar.,A boy is playing guitar.,4.6
The man is eating.,A man is eating food.,4.6
A person is slicing onions.,Someone is slicing an onion.,4.6
A man is dancing on the ceiling of a room.,A man is dancing upside-down on the ceiling.,4.6
A woman is applying cosmetics to her face.,A woman is putting on makeup.,4.6
A man is preparing a hanging rope.,A man is tying a noose.,4.667
A kangaroo is eating.,Kangaroo eating.,4.75
A boy is playing a key-board.,A little boy is playing a keyboard.,4.8
A man is dancing on the ceiling.,A man is dancing on the ceiling of a room.,4.8
The cat played with a watermelon.,A cat is playing with a watermelon.,4.8
A girl jumps on a car.,A girl is jumping onto a car.,4.8
A man stares out a window.,A man looks out the window.,4.8
A man is mowing grass.,A guy is mowing the lawn.,4.8
A man is playing guitar.,A man plays a guitar.,4.857
A man is driving a car.,A man drives a car.,4.875
A man is riding a bicycle.,A man is riding a bike.,5
A woman and man are dancing in the rain.,A man and woman are dancing in rain.,5
A woman is cutting broccoli.,A woman is slicing broccoli.,5
Two men are fistfighting in a ring.,Two men fistfight in a ring.,5
The man is drawing.,A man is drawing.,5
A small dog laying on the bed.,A small dog is laying on a bed.,5
The man is slicing a potato.,A man is slicing potato.,5
The man is slicing a potato.,A man is slicing potato.,5
A woman is stabbing a potato with a fork.,A woman is puncturing a potato with a fork.,5
A woman is cutting an onion.,A woman is cutting through an onion.,5
A toy train is striking a toy car.,A toy train strikes a toy car.,5
A cat opens a drawer and climbs inside.,A cat is opening a drawer and climbing inside.,5
A woman plays the flute.,A woman is playing the flute.,5
A woman is brushing some shrimp.,A woman brushes some shrimp.,5
A man is playing a keyboard.,A man plays a keyboard.,5
A man plays the guitar.,A man is playing the guitar.,5
A woman is peeling a potato.,A woman peels a potato.,5
A group of people are sweeping water out of a house.,People are sweeping water out of a house.,5
The dog is barking at the toy.,A dog is barking at a toy.,5
A woman is putting on sun glasses.,A woman puts on sunglasses.,5
The man is playing the guitar.,A man is playing guitar.,5
A man plays a guitar.,A man is playing a guitar.,5
The man is playing the drums.,A man is playing drums.,5
A man dives into a pool.,A man is diving into a pool.,5
A man dives into a pool.,A man dives into a swimming pool.,5
The man is smashing garlic.,A man is smashing some garlic.,5
A man is slicing an onion.,A man slices an onion.,5
Two robots kiss.,Two robots are kissing.,5
A man walking down the stairs.,A man walks down a staircase.,5
A woman is grating onion.,A woman grates onions.,5
A man is playing a musical keyboard.,A man is playing a keyboard piano.,5
A woman cuts up broccoli.,A woman is cutting broccoli.,5
A man plays a trumpet.,A man is playing the trumpet.,5
The man is peeling an apple.,A man peels an apple.,5
The lady put the baby int a trashcan.,A woman puts a baby in a trash can.,5
A man is firing a shot gun.,A man shoots a shotgun.,5
The person is starting a fire.,A person makes fire.,5
The person is removing the scales from the fish.,A person is descaling a fish.,5
A man plays the guitar and sings.,A man is singing and playing a guitar.,5
The man is using a sledghammer to break the concrete block that is on the other man.,A man breaks a slab of concrete that is lying on a prone man with a sledge hammer.,5
